{
  "total_scenes": 11,
  "avg_confidence": 0.46806422349089655,
  "avg_success_probability": 0.6504738125018144,
  "processing_timestamp": "2025-12-22T21:32:53.625866"
}